Feature,Coefficient,Abs_Coefficient,Config Mode,Balancing Mode
rel_surp_causal_pf_diff,-1.1687600962597722,1.1687600962597722,Combined Model (Config 5),Cluster
rel_surp_pll_pf_diff,-0.8471202708558514,0.8471202708558514,Combined Model (Config 5),Cluster
rel_surp_pll_pf_ratio,0.8001096752335294,0.8001096752335294,Combined Model (Config 5),Cluster
rel_surp_causal_pf_ratio,0.7217742989590431,0.7217742989590431,Combined Model (Config 5),Cluster
surp_causal_pf_sum,-0.7110794865193761,0.7110794865193761,Combined Model (Config 5),Cluster
surp_causal_pf_mean,0.650762698533111,0.650762698533111,Combined Model (Config 5),Cluster
surp_pll_pf_sum,0.6492592509551445,0.6492592509551445,Combined Model (Config 5),Cluster
word_count,0.6095730507219982,0.6095730507219982,Combined Model (Config 5),Cluster
gunning_fog,0.5676595683405711,0.5676595683405711,Combined Model (Config 5),Cluster
concrete_min,0.5289237021062625,0.5289237021062625,Combined Model (Config 5),Cluster
rst_mean_depth,-0.5210234083081928,0.5210234083081928,Combined Model (Config 5),Cluster
stopword_ratio,-0.5113778048603934,0.5113778048603934,Combined Model (Config 5),Cluster
number_ratio,0.4795754697821646,0.4795754697821646,Combined Model (Config 5),Cluster
rel_surp_causal_pf_sum_ratio,0.46337325676683183,0.46337325676683183,Combined Model (Config 5),Cluster
surp_pll_pf_std,0.4492330227535775,0.4492330227535775,Combined Model (Config 5),Cluster
rel_surp_pll_pf_sum_ratio,-0.44263106553415144,0.44263106553415144,Combined Model (Config 5),Cluster
avg_word_length,-0.3801888739479541,0.3801888739479541,Combined Model (Config 5),Cluster
rel_rst_n_ratio,0.343289088484948,0.343289088484948,Combined Model (Config 5),Cluster
ttr,-0.3398559082230271,0.3398559082230271,Combined Model (Config 5),Cluster
concrete_std,0.31760773389438224,0.31760773389438224,Combined Model (Config 5),Cluster
psg_rst_n_count,0.3078707406410602,0.3078707406410602,Combined Model (Config 5),Cluster
flesch_kincaid_grade,-0.30730470269038695,0.30730470269038695,Combined Model (Config 5),Cluster
sentiment_polarity_compound,0.27285847569879723,0.27285847569879723,Combined Model (Config 5),Cluster
rst_s_count,-0.2548856294155287,0.2548856294155287,Combined Model (Config 5),Cluster
rst_rel_elaboration_count,0.24045251347939953,0.24045251347939953,Combined Model (Config 5),Cluster
discourse_addition_count,-0.22758531573007615,0.22758531573007615,Combined Model (Config 5),Cluster
surp_deletion_drop,-0.22166072751480748,0.22166072751480748,Combined Model (Config 5),Cluster
max_parse_depth,0.21307016872300735,0.21307016872300735,Combined Model (Config 5),Cluster
pron_ratio,0.20304293973384493,0.20304293973384493,Combined Model (Config 5),Cluster
period_count,-0.19787599824968954,0.19787599824968954,Combined Model (Config 5),Cluster
comma_count,0.191748391232272,0.191748391232272,Combined Model (Config 5),Cluster
title_ratio,0.1849865254824176,0.1849865254824176,Combined Model (Config 5),Cluster
concrete_mean,-0.1736790192315586,0.1736790192315586,Combined Model (Config 5),Cluster
conj_ratio,0.16859942723452054,0.16859942723452054,Combined Model (Config 5),Cluster
concrete_max,-0.1675726599974477,0.1675726599974477,Combined Model (Config 5),Cluster
verb_ratio,0.16709666939910583,0.16709666939910583,Combined Model (Config 5),Cluster
surp_causal_pf_std,-0.16247538323765412,0.16247538323765412,Combined Model (Config 5),Cluster
psg_rst_max_depth,0.14302042588952021,0.14302042588952021,Combined Model (Config 5),Cluster
pron_3rd_ratio,0.13612367982684945,0.13612367982684945,Combined Model (Config 5),Cluster
prep_ratio,-0.1357419779062936,0.1357419779062936,Combined Model (Config 5),Cluster
rst_rel_attribution_count,0.13500255108720133,0.13500255108720133,Combined Model (Config 5),Cluster
rst_rel_joint_count,-0.13318618430607362,0.13318618430607362,Combined Model (Config 5),Cluster
rst_edu_count,-0.12499010328989575,0.12499010328989575,Combined Model (Config 5),Cluster
noun_ratio,-0.12264130873612353,0.12264130873612353,Combined Model (Config 5),Cluster
parenthesis_count,-0.11739236506260207,0.11739236506260207,Combined Model (Config 5),Cluster
past_tense_ratio,-0.11281066274619664,0.11281066274619664,Combined Model (Config 5),Cluster
colon_count,0.10648028420974112,0.10648028420974112,Combined Model (Config 5),Cluster
discourse_contrast_count,-0.105780263384859,0.105780263384859,Combined Model (Config 5),Cluster
avg_dep_distance,-0.10458907472695497,0.10458907472695497,Combined Model (Config 5),Cluster
sentiment_polarity_neg,0.08209898334859525,0.08209898334859525,Combined Model (Config 5),Cluster
present_tense_ratio,0.07697624189147995,0.07697624189147995,Combined Model (Config 5),Cluster
pron_1st_ratio,-0.0739968871595156,0.0739968871595156,Combined Model (Config 5),Cluster
rst_n_ratio,0.07309315020667097,0.07309315020667097,Combined Model (Config 5),Cluster
sentiment_polarity_pos,-0.06986886583615222,0.06986886583615222,Combined Model (Config 5),Cluster
rel_rst_depth_ratio,0.0681438064093285,0.0681438064093285,Combined Model (Config 5),Cluster
psg_rst_s_count,0.06483491446939019,0.06483491446939019,Combined Model (Config 5),Cluster
rst_is_root,0.06455959229641464,0.06455959229641464,Combined Model (Config 5),Cluster
sentiment_polarity_neu,-0.06426949955533418,0.06426949955533418,Combined Model (Config 5),Cluster
cap_ratio,0.06121770319128571,0.06121770319128571,Combined Model (Config 5),Cluster
flesch_reading_ease,-0.05243445900085087,0.05243445900085087,Combined Model (Config 5),Cluster
surp_pll_pf_max,0.04086779716601267,0.04086779716601267,Combined Model (Config 5),Cluster
adv_ratio,0.03355109633116957,0.03355109633116957,Combined Model (Config 5),Cluster
surp_causal_pf_min,-0.030218873107216326,0.030218873107216326,Combined Model (Config 5),Cluster
adj_ratio,0.028333393839830516,0.028333393839830516,Combined Model (Config 5),Cluster
semicolon_count,0.021932700850558477,0.021932700850558477,Combined Model (Config 5),Cluster
pron_2nd_ratio,-0.021018989465431875,0.021018989465431875,Combined Model (Config 5),Cluster
rst_n_count,0.01698631340713994,0.01698631340713994,Combined Model (Config 5),Cluster
surp_pll_pf_mean,0.016893927295440588,0.016893927295440588,Combined Model (Config 5),Cluster
surp_pll_pf_min,0.01521128650027625,0.01521128650027625,Combined Model (Config 5),Cluster
char_count,-0.009843044005550423,0.009843044005550423,Combined Model (Config 5),Cluster
discourse_causal_count,-0.0032789656982854507,0.0032789656982854507,Combined Model (Config 5),Cluster
surp_causal_pf_max,0.0012965378265345797,0.0012965378265345797,Combined Model (Config 5),Cluster
exclamation_count,0.0,0.0,Combined Model (Config 5),Cluster
question_count,0.0,0.0,Combined Model (Config 5),Cluster
rst_rel_background_count,0.0,0.0,Combined Model (Config 5),Cluster
rst_rel_cause_count,0.0,0.0,Combined Model (Config 5),Cluster
rst_rel_result_count,0.0,0.0,Combined Model (Config 5),Cluster
rst_rel_contrast_count,0.0,0.0,Combined Model (Config 5),Cluster
flesch_kincaid_grade,0.6693549597200966,0.6693549597200966,Combined Model (Config 5),DSNB
sentiment_polarity_compound,0.517130958590831,0.517130958590831,Combined Model (Config 5),DSNB
rel_surp_causal_pf_diff,-0.46193193770645646,0.46193193770645646,Combined Model (Config 5),DSNB
surp_causal_pf_sum,-0.44732894364336806,0.44732894364336806,Combined Model (Config 5),DSNB
rel_rst_depth_ratio,-0.4352162593200495,0.4352162593200495,Combined Model (Config 5),DSNB
rel_surp_pll_pf_ratio,0.39590907991271035,0.39590907991271035,Combined Model (Config 5),DSNB
rel_surp_causal_pf_sum_ratio,0.3915040652265038,0.3915040652265038,Combined Model (Config 5),DSNB
rel_surp_pll_pf_diff,-0.3858250027548695,0.3858250027548695,Combined Model (Config 5),DSNB
char_count,0.3604461030535301,0.3604461030535301,Combined Model (Config 5),DSNB
psg_rst_max_depth,-0.3582728362672091,0.3582728362672091,Combined Model (Config 5),DSNB
sentiment_polarity_pos,-0.35821448194058564,0.35821448194058564,Combined Model (Config 5),DSNB
flesch_reading_ease,0.3575341365124651,0.3575341365124651,Combined Model (Config 5),DSNB
surp_causal_pf_mean,0.3485856017963128,0.3485856017963128,Combined Model (Config 5),DSNB
rel_surp_pll_pf_sum_ratio,-0.3334769077639078,0.3334769077639078,Combined Model (Config 5),DSNB
surp_deletion_drop,-0.31487445635763184,0.31487445635763184,Combined Model (Config 5),DSNB
surp_causal_pf_max,-0.29620721794002297,0.29620721794002297,Combined Model (Config 5),DSNB
rst_is_root,0.2927040418267483,0.2927040418267483,Combined Model (Config 5),DSNB
sentiment_polarity_neg,0.27037193865851056,0.27037193865851056,Combined Model (Config 5),DSNB
psg_rst_n_count,0.2602151909449055,0.2602151909449055,Combined Model (Config 5),DSNB
stopword_ratio,-0.23985083502046245,0.23985083502046245,Combined Model (Config 5),DSNB
surp_causal_pf_std,0.23562785462853353,0.23562785462853353,Combined Model (Config 5),DSNB
pron_1st_ratio,-0.23381247347471293,0.23381247347471293,Combined Model (Config 5),DSNB
discourse_contrast_count,-0.2333142564272759,0.2333142564272759,Combined Model (Config 5),DSNB
surp_pll_pf_std,0.22511006339110498,0.22511006339110498,Combined Model (Config 5),DSNB
discourse_addition_count,-0.22124169382585795,0.22124169382585795,Combined Model (Config 5),DSNB
concrete_min,-0.21674690053998957,0.21674690053998957,Combined Model (Config 5),DSNB
word_count,0.21172899074357648,0.21172899074357648,Combined Model (Config 5),DSNB
colon_count,0.20035923443612388,0.20035923443612388,Combined Model (Config 5),DSNB
number_ratio,0.19732644790089407,0.19732644790089407,Combined Model (Config 5),DSNB
rel_rst_n_ratio,0.17674860478594207,0.17674860478594207,Combined Model (Config 5),DSNB
pron_ratio,0.17011112183876798,0.17011112183876798,Combined Model (Config 5),DSNB
rel_surp_causal_pf_ratio,0.16830483108800723,0.16830483108800723,Combined Model (Config 5),DSNB
comma_count,0.1612772684676668,0.1612772684676668,Combined Model (Config 5),DSNB
concrete_max,0.1606580500094211,0.1606580500094211,Combined Model (Config 5),DSNB
avg_word_length,-0.15268157938005375,0.15268157938005375,Combined Model (Config 5),DSNB
period_count,0.1369618683428694,0.1369618683428694,Combined Model (Config 5),DSNB
rst_mean_depth,0.1281957721717363,0.1281957721717363,Combined Model (Config 5),DSNB
conj_ratio,0.12805002935881646,0.12805002935881646,Combined Model (Config 5),DSNB
noun_ratio,-0.1267045917801636,0.1267045917801636,Combined Model (Config 5),DSNB
pron_3rd_ratio,-0.12504093902634475,0.12504093902634475,Combined Model (Config 5),DSNB
verb_ratio,0.11119222608971893,0.11119222608971893,Combined Model (Config 5),DSNB
surp_pll_pf_max,0.10140328769517029,0.10140328769517029,Combined Model (Config 5),DSNB
surp_causal_pf_min,-0.09835640966465393,0.09835640966465393,Combined Model (Config 5),DSNB
adv_ratio,-0.09510865928415892,0.09510865928415892,Combined Model (Config 5),DSNB
pron_2nd_ratio,-0.09293897910888001,0.09293897910888001,Combined Model (Config 5),DSNB
surp_pll_pf_mean,0.09216536826096704,0.09216536826096704,Combined Model (Config 5),DSNB
semicolon_count,-0.09037233225497217,0.09037233225497217,Combined Model (Config 5),DSNB
concrete_std,-0.08320466420038655,0.08320466420038655,Combined Model (Config 5),DSNB
discourse_causal_count,-0.07454370170826387,0.07454370170826387,Combined Model (Config 5),DSNB
title_ratio,0.07428062752583563,0.07428062752583563,Combined Model (Config 5),DSNB
adj_ratio,-0.06438689611881038,0.06438689611881038,Combined Model (Config 5),DSNB
past_tense_ratio,-0.06282927667529356,0.06282927667529356,Combined Model (Config 5),DSNB
surp_pll_pf_sum,0.06128546478415704,0.06128546478415704,Combined Model (Config 5),DSNB
prep_ratio,0.0573185144755981,0.0573185144755981,Combined Model (Config 5),DSNB
cap_ratio,0.054781286403991,0.054781286403991,Combined Model (Config 5),DSNB
parenthesis_count,0.04778521877686813,0.04778521877686813,Combined Model (Config 5),DSNB
max_parse_depth,0.04567657317985699,0.04567657317985699,Combined Model (Config 5),DSNB
concrete_mean,-0.04306083994788316,0.04306083994788316,Combined Model (Config 5),DSNB
psg_rst_s_count,-0.029178102243037886,0.029178102243037886,Combined Model (Config 5),DSNB
rst_rel_attribution_count,0.025684277442235726,0.025684277442235726,Combined Model (Config 5),DSNB
gunning_fog,-0.02464241839708849,0.02464241839708849,Combined Model (Config 5),DSNB
sentiment_polarity_neu,0.023739962970021258,0.023739962970021258,Combined Model (Config 5),DSNB
present_tense_ratio,-0.019023616523951976,0.019023616523951976,Combined Model (Config 5),DSNB
surp_pll_pf_min,-0.017899080310156096,0.017899080310156096,Combined Model (Config 5),DSNB
rst_n_ratio,-0.017303319777958022,0.017303319777958022,Combined Model (Config 5),DSNB
rst_rel_elaboration_count,0.01711648363505658,0.01711648363505658,Combined Model (Config 5),DSNB
rst_edu_count,-0.014813784424682858,0.014813784424682858,Combined Model (Config 5),DSNB
rst_s_count,-0.014441385589025269,0.014441385589025269,Combined Model (Config 5),DSNB
avg_dep_distance,-0.011285738123418206,0.011285738123418206,Combined Model (Config 5),DSNB
rst_n_count,-0.011165166212051448,0.011165166212051448,Combined Model (Config 5),DSNB
ttr,-0.009937044224525715,0.009937044224525715,Combined Model (Config 5),DSNB
rst_rel_joint_count,0.009544444600202486,0.009544444600202486,Combined Model (Config 5),DSNB
exclamation_count,0.0,0.0,Combined Model (Config 5),DSNB
question_count,0.0,0.0,Combined Model (Config 5),DSNB
rst_rel_background_count,0.0,0.0,Combined Model (Config 5),DSNB
rst_rel_cause_count,0.0,0.0,Combined Model (Config 5),DSNB
rst_rel_result_count,0.0,0.0,Combined Model (Config 5),DSNB
rst_rel_contrast_count,0.0,0.0,Combined Model (Config 5),DSNB
rel_surp_causal_pf_sum_ratio,1.1558676853669378,1.1558676853669378,Combined Model (Config 5),None
rel_surp_pll_pf_ratio,0.7894292874043448,0.7894292874043448,Combined Model (Config 5),None
rel_surp_pll_pf_diff,-0.714232534610001,0.714232534610001,Combined Model (Config 5),None
rel_surp_causal_pf_diff,-0.49000824327804077,0.49000824327804077,Combined Model (Config 5),None
surp_causal_pf_sum,-0.4619316241484357,0.4619316241484357,Combined Model (Config 5),None
rel_surp_pll_pf_sum_ratio,-0.3959587657009804,0.3959587657009804,Combined Model (Config 5),None
surp_pll_pf_sum,0.38592189130391447,0.38592189130391447,Combined Model (Config 5),None
surp_causal_pf_mean,0.3706256026926329,0.3706256026926329,Combined Model (Config 5),None
flesch_reading_ease,0.36346564170745277,0.36346564170745277,Combined Model (Config 5),None
rst_s_count,-0.3489706857711213,0.3489706857711213,Combined Model (Config 5),None
flesch_kincaid_grade,0.3387360931245173,0.3387360931245173,Combined Model (Config 5),None
question_count,-0.29693346815612,0.29693346815612,Combined Model (Config 5),None
number_ratio,0.20727933773923088,0.20727933773923088,Combined Model (Config 5),None
concrete_mean,-0.1887843711976802,0.1887843711976802,Combined Model (Config 5),None
rst_mean_depth,-0.18554434391113875,0.18554434391113875,Combined Model (Config 5),None
stopword_ratio,-0.18247411376267983,0.18247411376267983,Combined Model (Config 5),None
surp_pll_pf_std,0.1786508386025066,0.1786508386025066,Combined Model (Config 5),None
word_count,0.16634680354332043,0.16634680354332043,Combined Model (Config 5),None
rst_n_count,0.16610770092340735,0.16610770092340735,Combined Model (Config 5),None
verb_ratio,0.16240536688058702,0.16240536688058702,Combined Model (Config 5),None
concrete_max,0.15110737100875082,0.15110737100875082,Combined Model (Config 5),None
surp_pll_pf_mean,-0.137015092552865,0.137015092552865,Combined Model (Config 5),None
sentiment_polarity_compound,0.127481315909658,0.127481315909658,Combined Model (Config 5),None
psg_rst_s_count,0.12699667146365953,0.12699667146365953,Combined Model (Config 5),None
conj_ratio,0.12486522034213837,0.12486522034213837,Combined Model (Config 5),None
surp_causal_pf_min,-0.12263959261677505,0.12263959261677505,Combined Model (Config 5),None
discourse_addition_count,-0.12064234775895857,0.12064234775895857,Combined Model (Config 5),None
sentiment_polarity_pos,-0.11949764688452064,0.11949764688452064,Combined Model (Config 5),None
gunning_fog,0.1136016249187438,0.1136016249187438,Combined Model (Config 5),None
pron_1st_ratio,-0.11127361808709398,0.11127361808709398,Combined Model (Config 5),None
concrete_min,0.11018676648922472,0.11018676648922472,Combined Model (Config 5),None
rst_rel_attribution_count,0.10898975017054924,0.10898975017054924,Combined Model (Config 5),None
adv_ratio,-0.10811309787916372,0.10811309787916372,Combined Model (Config 5),None
surp_causal_pf_max,-0.10327295959280508,0.10327295959280508,Combined Model (Config 5),None
discourse_contrast_count,-0.10316038001902642,0.10316038001902642,Combined Model (Config 5),None
surp_deletion_drop,0.10303367587849013,0.10303367587849013,Combined Model (Config 5),None
rel_rst_depth_ratio,-0.10225027419883002,0.10225027419883002,Combined Model (Config 5),None
parenthesis_count,0.10072467267961326,0.10072467267961326,Combined Model (Config 5),None
ttr,-0.09368150254689567,0.09368150254689567,Combined Model (Config 5),None
noun_ratio,-0.0905172763006233,0.0905172763006233,Combined Model (Config 5),None
cap_ratio,0.08780216164330241,0.08780216164330241,Combined Model (Config 5),None
surp_causal_pf_std,0.08337806361205585,0.08337806361205585,Combined Model (Config 5),None
rst_edu_count,-0.07698373600090797,0.07698373600090797,Combined Model (Config 5),None
past_tense_ratio,-0.07522007054252827,0.07522007054252827,Combined Model (Config 5),None
semicolon_count,-0.07106687726435153,0.07106687726435153,Combined Model (Config 5),None
rst_rel_joint_count,-0.06653219930909918,0.06653219930909918,Combined Model (Config 5),None
psg_rst_n_count,-0.06460943264380017,0.06460943264380017,Combined Model (Config 5),None
pron_ratio,0.059395875873369364,0.059395875873369364,Combined Model (Config 5),None
title_ratio,0.0586680811304024,0.0586680811304024,Combined Model (Config 5),None
concrete_std,0.058547503477636605,0.058547503477636605,Combined Model (Config 5),None
colon_count,0.05483111361620328,0.05483111361620328,Combined Model (Config 5),None
max_parse_depth,-0.05407859848184618,0.05407859848184618,Combined Model (Config 5),None
rst_n_ratio,-0.053128044670714344,0.053128044670714344,Combined Model (Config 5),None
discourse_causal_count,0.05272792716364646,0.05272792716364646,Combined Model (Config 5),None
rst_rel_elaboration_count,0.05172432811710568,0.05172432811710568,Combined Model (Config 5),None
prep_ratio,0.05073084153303293,0.05073084153303293,Combined Model (Config 5),None
rel_rst_n_ratio,-0.04704642996200329,0.04704642996200329,Combined Model (Config 5),None
rel_surp_causal_pf_ratio,0.045005579416950145,0.045005579416950145,Combined Model (Config 5),None
char_count,-0.04007702900587483,0.04007702900587483,Combined Model (Config 5),None
surp_pll_pf_min,-0.037878313463073146,0.037878313463073146,Combined Model (Config 5),None
sentiment_polarity_neg,0.03317712882535735,0.03317712882535735,Combined Model (Config 5),None
psg_rst_max_depth,-0.0329731404133251,0.0329731404133251,Combined Model (Config 5),None
pron_2nd_ratio,-0.028374744709228367,0.028374744709228367,Combined Model (Config 5),None
period_count,-0.01926751985946589,0.01926751985946589,Combined Model (Config 5),None
sentiment_polarity_neu,-0.016488460783822826,0.016488460783822826,Combined Model (Config 5),None
avg_word_length,-0.013109101360951284,0.013109101360951284,Combined Model (Config 5),None
pron_3rd_ratio,0.012741883593310068,0.012741883593310068,Combined Model (Config 5),None
surp_pll_pf_max,0.00984364237598633,0.00984364237598633,Combined Model (Config 5),None
rst_is_root,0.007993126068434267,0.007993126068434267,Combined Model (Config 5),None
present_tense_ratio,-0.0055853466055393155,0.0055853466055393155,Combined Model (Config 5),None
adj_ratio,0.004756439777561781,0.004756439777561781,Combined Model (Config 5),None
comma_count,-0.004576961341508655,0.004576961341508655,Combined Model (Config 5),None
avg_dep_distance,0.0022149204785471247,0.0022149204785471247,Combined Model (Config 5),None
exclamation_count,0.0,0.0,Combined Model (Config 5),None
rst_rel_background_count,0.0,0.0,Combined Model (Config 5),None
rst_rel_cause_count,0.0,0.0,Combined Model (Config 5),None
rst_rel_result_count,0.0,0.0,Combined Model (Config 5),None
rst_rel_contrast_count,0.0,0.0,Combined Model (Config 5),None
rel_surp_pll_pf_ratio,1.270838360408269,1.270838360408269,Combined Model (Config 5),Pairwise
rel_surp_causal_pf_sum_ratio,0.9737741983760758,0.9737741983760758,Combined Model (Config 5),Pairwise
flesch_kincaid_grade,0.8138835611330523,0.8138835611330523,Combined Model (Config 5),Pairwise
surp_pll_pf_mean,-0.6199289488235284,0.6199289488235284,Combined Model (Config 5),Pairwise
rel_surp_pll_pf_diff,-0.6199289488235284,0.6199289488235284,Combined Model (Config 5),Pairwise
flesch_reading_ease,0.5992096750820993,0.5992096750820993,Combined Model (Config 5),Pairwise
rel_surp_pll_pf_sum_ratio,-0.4763200856732483,0.4763200856732483,Combined Model (Config 5),Pairwise
rst_s_count,-0.45344428369606116,0.45344428369606116,Combined Model (Config 5),Pairwise
question_count,-0.4253724352925169,0.4253724352925169,Combined Model (Config 5),Pairwise
char_count,-0.41846614198455967,0.41846614198455967,Combined Model (Config 5),Pairwise
word_count,0.37336713325422394,0.37336713325422394,Combined Model (Config 5),Pairwise
rst_mean_depth,-0.30446367397148033,0.30446367397148033,Combined Model (Config 5),Pairwise
concrete_max,0.29596115057694833,0.29596115057694833,Combined Model (Config 5),Pairwise
number_ratio,0.2937982686863522,0.2937982686863522,Combined Model (Config 5),Pairwise
surp_pll_pf_std,0.2838458698168427,0.2838458698168427,Combined Model (Config 5),Pairwise
verb_ratio,0.24550046341429718,0.24550046341429718,Combined Model (Config 5),Pairwise
surp_causal_pf_sum,-0.23949239545475456,0.23949239545475456,Combined Model (Config 5),Pairwise
rst_rel_attribution_count,0.23628136603913993,0.23628136603913993,Combined Model (Config 5),Pairwise
cap_ratio,0.23474471932814267,0.23474471932814267,Combined Model (Config 5),Pairwise
conj_ratio,0.22478127909551016,0.22478127909551016,Combined Model (Config 5),Pairwise
surp_pll_pf_sum,0.22201197207814022,0.22201197207814022,Combined Model (Config 5),Pairwise
noun_ratio,-0.21456487242805158,0.21456487242805158,Combined Model (Config 5),Pairwise
surp_causal_pf_min,-0.21175293518010405,0.21175293518010405,Combined Model (Config 5),Pairwise
surp_deletion_drop,0.20085182177858232,0.20085182177858232,Combined Model (Config 5),Pairwise
rst_n_count,0.19910553542308523,0.19910553542308523,Combined Model (Config 5),Pairwise
concrete_mean,-0.18861436389698563,0.18861436389698563,Combined Model (Config 5),Pairwise
avg_word_length,0.17929631526610412,0.17929631526610412,Combined Model (Config 5),Pairwise
stopword_ratio,-0.17285632090618058,0.17285632090618058,Combined Model (Config 5),Pairwise
surp_causal_pf_max,-0.16389782474139958,0.16389782474139958,Combined Model (Config 5),Pairwise
rst_rel_elaboration_count,0.15905661851414649,0.15905661851414649,Combined Model (Config 5),Pairwise
present_tense_ratio,-0.15512027723209337,0.15512027723209337,Combined Model (Config 5),Pairwise
adv_ratio,-0.15409108870839947,0.15409108870839947,Combined Model (Config 5),Pairwise
parenthesis_count,0.15088371415923185,0.15088371415923185,Combined Model (Config 5),Pairwise
discourse_contrast_count,-0.14004216475020048,0.14004216475020048,Combined Model (Config 5),Pairwise
rel_surp_causal_pf_ratio,0.1389250962604415,0.1389250962604415,Combined Model (Config 5),Pairwise
ttr,-0.1296052933756182,0.1296052933756182,Combined Model (Config 5),Pairwise
surp_causal_pf_mean,-0.12522068737858105,0.12522068737858105,Combined Model (Config 5),Pairwise
rel_surp_causal_pf_diff,-0.12522068737858105,0.12522068737858105,Combined Model (Config 5),Pairwise
pron_1st_ratio,-0.11634732703238275,0.11634732703238275,Combined Model (Config 5),Pairwise
prep_ratio,0.10532806981569101,0.10532806981569101,Combined Model (Config 5),Pairwise
pron_ratio,0.1014983876460853,0.1014983876460853,Combined Model (Config 5),Pairwise
past_tense_ratio,-0.10090288663574554,0.10090288663574554,Combined Model (Config 5),Pairwise
rst_edu_count,-0.10070905521654047,0.10070905521654047,Combined Model (Config 5),Pairwise
rst_rel_joint_count,-0.09725884680607853,0.09725884680607853,Combined Model (Config 5),Pairwise
semicolon_count,-0.09088197567523604,0.09088197567523604,Combined Model (Config 5),Pairwise
period_count,-0.08358642573523226,0.08358642573523226,Combined Model (Config 5),Pairwise
concrete_min,0.07518670945167152,0.07518670945167152,Combined Model (Config 5),Pairwise
pron_3rd_ratio,-0.0742590679350553,0.0742590679350553,Combined Model (Config 5),Pairwise
title_ratio,0.07208964665691323,0.07208964665691323,Combined Model (Config 5),Pairwise
discourse_addition_count,-0.07193388727848367,0.07193388727848367,Combined Model (Config 5),Pairwise
rst_is_root,-0.06627180806661255,0.06627180806661255,Combined Model (Config 5),Pairwise
sentiment_polarity_pos,-0.06588822145013516,0.06588822145013516,Combined Model (Config 5),Pairwise
rst_n_ratio,-0.06475394851409165,0.06475394851409165,Combined Model (Config 5),Pairwise
surp_causal_pf_std,0.06331684087874376,0.06331684087874376,Combined Model (Config 5),Pairwise
discourse_causal_count,0.060321535888672284,0.060321535888672284,Combined Model (Config 5),Pairwise
sentiment_polarity_neg,-0.05960970082131559,0.05960970082131559,Combined Model (Config 5),Pairwise
rel_rst_depth_ratio,-0.04860358231353956,0.04860358231353956,Combined Model (Config 5),Pairwise
colon_count,0.0441325905343475,0.0441325905343475,Combined Model (Config 5),Pairwise
surp_pll_pf_min,-0.04086027338735884,0.04086027338735884,Combined Model (Config 5),Pairwise
gunning_fog,-0.03900572424658748,0.03900572424658748,Combined Model (Config 5),Pairwise
adj_ratio,-0.0381092675092136,0.0381092675092136,Combined Model (Config 5),Pairwise
concrete_std,-0.03792676228431168,0.03792676228431168,Combined Model (Config 5),Pairwise
rel_rst_n_ratio,-0.02755237813650559,0.02755237813650559,Combined Model (Config 5),Pairwise
pron_2nd_ratio,-0.02287784702072643,0.02287784702072643,Combined Model (Config 5),Pairwise
avg_dep_distance,0.013355693981018811,0.013355693981018811,Combined Model (Config 5),Pairwise
surp_pll_pf_max,0.013166643948398133,0.013166643948398133,Combined Model (Config 5),Pairwise
comma_count,-0.01305220196766131,0.01305220196766131,Combined Model (Config 5),Pairwise
sentiment_polarity_compound,0.009230768030923058,0.009230768030923058,Combined Model (Config 5),Pairwise
sentiment_polarity_neu,0.006639784740574252,0.006639784740574252,Combined Model (Config 5),Pairwise
max_parse_depth,-0.0026050192936928423,0.0026050192936928423,Combined Model (Config 5),Pairwise
exclamation_count,0.0,0.0,Combined Model (Config 5),Pairwise
psg_rst_max_depth,0.0,0.0,Combined Model (Config 5),Pairwise
psg_rst_n_count,0.0,0.0,Combined Model (Config 5),Pairwise
psg_rst_s_count,0.0,0.0,Combined Model (Config 5),Pairwise
rst_rel_background_count,0.0,0.0,Combined Model (Config 5),Pairwise
rst_rel_cause_count,0.0,0.0,Combined Model (Config 5),Pairwise
rst_rel_result_count,0.0,0.0,Combined Model (Config 5),Pairwise
rst_rel_contrast_count,0.0,0.0,Combined Model (Config 5),Pairwise
rel_surp_causal_pf_diff,-0.8348092381242171,0.8348092381242171,Combined Model (Config 5),RST-Neighborhood
rel_surp_causal_pf_sum_ratio,0.6471290121779645,0.6471290121779645,Combined Model (Config 5),RST-Neighborhood
sentiment_polarity_compound,0.600827559391656,0.600827559391656,Combined Model (Config 5),RST-Neighborhood
rel_surp_pll_pf_sum_ratio,-0.5816771567808505,0.5816771567808505,Combined Model (Config 5),RST-Neighborhood
rel_surp_causal_pf_ratio,0.4896705255714678,0.4896705255714678,Combined Model (Config 5),RST-Neighborhood
char_count,0.47314962182255726,0.47314962182255726,Combined Model (Config 5),RST-Neighborhood
surp_causal_pf_sum,-0.4603689275960993,0.4603689275960993,Combined Model (Config 5),RST-Neighborhood
rel_surp_pll_pf_ratio,0.45801313089666246,0.45801313089666246,Combined Model (Config 5),RST-Neighborhood
rel_surp_pll_pf_diff,-0.45235037121948557,0.45235037121948557,Combined Model (Config 5),RST-Neighborhood
surp_causal_pf_mean,0.38612772405859175,0.38612772405859175,Combined Model (Config 5),RST-Neighborhood
flesch_kincaid_grade,0.38145569264945267,0.38145569264945267,Combined Model (Config 5),RST-Neighborhood
flesch_reading_ease,0.37735848902137886,0.37735848902137886,Combined Model (Config 5),RST-Neighborhood
sentiment_polarity_pos,-0.34120416437829976,0.34120416437829976,Combined Model (Config 5),RST-Neighborhood
sentiment_polarity_neg,0.32875643109248054,0.32875643109248054,Combined Model (Config 5),RST-Neighborhood
gunning_fog,0.32151171923817873,0.32151171923817873,Combined Model (Config 5),RST-Neighborhood
surp_deletion_drop,-0.3132419900872797,0.3132419900872797,Combined Model (Config 5),RST-Neighborhood
word_count,0.3073344697071573,0.3073344697071573,Combined Model (Config 5),RST-Neighborhood
surp_pll_pf_std,0.285602158381966,0.285602158381966,Combined Model (Config 5),RST-Neighborhood
rel_rst_depth_ratio,-0.24363303457973384,0.24363303457973384,Combined Model (Config 5),RST-Neighborhood
psg_rst_max_depth,-0.23831520963119562,0.23831520963119562,Combined Model (Config 5),RST-Neighborhood
stopword_ratio,-0.22787443726804654,0.22787443726804654,Combined Model (Config 5),RST-Neighborhood
rst_is_root,0.22271857267956846,0.22271857267956846,Combined Model (Config 5),RST-Neighborhood
avg_word_length,-0.21849750547116195,0.21849750547116195,Combined Model (Config 5),RST-Neighborhood
discourse_addition_count,-0.21428202286085243,0.21428202286085243,Combined Model (Config 5),RST-Neighborhood
conj_ratio,0.20156077707904266,0.20156077707904266,Combined Model (Config 5),RST-Neighborhood
number_ratio,0.19032599100991052,0.19032599100991052,Combined Model (Config 5),RST-Neighborhood
avg_dep_distance,-0.1822104885131393,0.1822104885131393,Combined Model (Config 5),RST-Neighborhood
colon_count,0.16894603177219616,0.16894603177219616,Combined Model (Config 5),RST-Neighborhood
noun_ratio,-0.16573453089860263,0.16573453089860263,Combined Model (Config 5),RST-Neighborhood
surp_pll_pf_max,0.16206069089155548,0.16206069089155548,Combined Model (Config 5),RST-Neighborhood
rel_rst_n_ratio,0.16160357763445982,0.16160357763445982,Combined Model (Config 5),RST-Neighborhood
psg_rst_n_count,0.16124273660233554,0.16124273660233554,Combined Model (Config 5),RST-Neighborhood
discourse_contrast_count,-0.15799854150119225,0.15799854150119225,Combined Model (Config 5),RST-Neighborhood
max_parse_depth,0.1491001381106233,0.1491001381106233,Combined Model (Config 5),RST-Neighborhood
comma_count,0.1420877846620701,0.1420877846620701,Combined Model (Config 5),RST-Neighborhood
concrete_mean,0.13784360467731505,0.13784360467731505,Combined Model (Config 5),RST-Neighborhood
cap_ratio,0.1363633727017109,0.1363633727017109,Combined Model (Config 5),RST-Neighborhood
surp_causal_pf_min,-0.13536446802594543,0.13536446802594543,Combined Model (Config 5),RST-Neighborhood
verb_ratio,0.12137131052875023,0.12137131052875023,Combined Model (Config 5),RST-Neighborhood
pron_3rd_ratio,0.11930927927560338,0.11930927927560338,Combined Model (Config 5),RST-Neighborhood
psg_rst_s_count,0.11594411974534322,0.11594411974534322,Combined Model (Config 5),RST-Neighborhood
rst_s_count,-0.11063961451500158,0.11063961451500158,Combined Model (Config 5),RST-Neighborhood
title_ratio,0.10968097524618102,0.10968097524618102,Combined Model (Config 5),RST-Neighborhood
surp_causal_pf_max,-0.10954289539015828,0.10954289539015828,Combined Model (Config 5),RST-Neighborhood
past_tense_ratio,-0.10632320213487216,0.10632320213487216,Combined Model (Config 5),RST-Neighborhood
concrete_min,-0.10135721304067724,0.10135721304067724,Combined Model (Config 5),RST-Neighborhood
pron_1st_ratio,-0.09206241320812464,0.09206241320812464,Combined Model (Config 5),RST-Neighborhood
surp_causal_pf_std,0.08777536050402862,0.08777536050402862,Combined Model (Config 5),RST-Neighborhood
discourse_causal_count,-0.08686415602881786,0.08686415602881786,Combined Model (Config 5),RST-Neighborhood
prep_ratio,0.08539973275299678,0.08539973275299678,Combined Model (Config 5),RST-Neighborhood
rst_rel_elaboration_count,0.07931526531342731,0.07931526531342731,Combined Model (Config 5),RST-Neighborhood
semicolon_count,-0.07711270363157971,0.07711270363157971,Combined Model (Config 5),RST-Neighborhood
pron_2nd_ratio,-0.07297273194453605,0.07297273194453605,Combined Model (Config 5),RST-Neighborhood
rst_n_count,0.06301526368793067,0.06301526368793067,Combined Model (Config 5),RST-Neighborhood
concrete_std,-0.06103709036610173,0.06103709036610173,Combined Model (Config 5),RST-Neighborhood
period_count,0.05043770626228571,0.05043770626228571,Combined Model (Config 5),RST-Neighborhood
pron_ratio,-0.043673480965189665,0.043673480965189665,Combined Model (Config 5),RST-Neighborhood
rst_n_ratio,0.043563523328941686,0.043563523328941686,Combined Model (Config 5),RST-Neighborhood
surp_pll_pf_mean,0.039594386077023466,0.039594386077023466,Combined Model (Config 5),RST-Neighborhood
present_tense_ratio,0.036723960304767454,0.036723960304767454,Combined Model (Config 5),RST-Neighborhood
adv_ratio,-0.024349287360229205,0.024349287360229205,Combined Model (Config 5),RST-Neighborhood
surp_pll_pf_sum,0.020657836744155618,0.020657836744155618,Combined Model (Config 5),RST-Neighborhood
rst_edu_count,-0.018790790845808696,0.018790790845808696,Combined Model (Config 5),RST-Neighborhood
rst_rel_joint_count,-0.018410271286622214,0.018410271286622214,Combined Model (Config 5),RST-Neighborhood
rst_rel_attribution_count,0.017931010149868587,0.017931010149868587,Combined Model (Config 5),RST-Neighborhood
surp_pll_pf_min,-0.010847459944909404,0.010847459944909404,Combined Model (Config 5),RST-Neighborhood
rst_mean_depth,-0.010545717981537943,0.010545717981537943,Combined Model (Config 5),RST-Neighborhood
concrete_max,0.009635452624611861,0.009635452624611861,Combined Model (Config 5),RST-Neighborhood
adj_ratio,0.008345746528955063,0.008345746528955063,Combined Model (Config 5),RST-Neighborhood
ttr,-0.006269728419364651,0.006269728419364651,Combined Model (Config 5),RST-Neighborhood
parenthesis_count,0.005980263566642491,0.005980263566642491,Combined Model (Config 5),RST-Neighborhood
sentiment_polarity_neu,-0.003945378289036243,0.003945378289036243,Combined Model (Config 5),RST-Neighborhood
exclamation_count,0.0,0.0,Combined Model (Config 5),RST-Neighborhood
question_count,0.0,0.0,Combined Model (Config 5),RST-Neighborhood
rst_rel_background_count,0.0,0.0,Combined Model (Config 5),RST-Neighborhood
rst_rel_cause_count,0.0,0.0,Combined Model (Config 5),RST-Neighborhood
rst_rel_result_count,0.0,0.0,Combined Model (Config 5),RST-Neighborhood
rst_rel_contrast_count,0.0,0.0,Combined Model (Config 5),RST-Neighborhood
rst_mean_depth,-0.6226375879130485,0.6226375879130485,Discourse-Only Subsystem (Config 2),Cluster
psg_rst_max_depth,0.35793064811145875,0.35793064811145875,Discourse-Only Subsystem (Config 2),Cluster
rel_rst_depth_ratio,0.3088754358974292,0.3088754358974292,Discourse-Only Subsystem (Config 2),Cluster
rel_rst_n_ratio,0.27574006387506667,0.27574006387506667,Discourse-Only Subsystem (Config 2),Cluster
psg_rst_n_count,0.2045262286563652,0.2045262286563652,Discourse-Only Subsystem (Config 2),Cluster
rst_n_count,0.139020254959471,0.139020254959471,Discourse-Only Subsystem (Config 2),Cluster
rst_rel_elaboration_count,0.12597152954432572,0.12597152954432572,Discourse-Only Subsystem (Config 2),Cluster
rst_is_root,0.10687039679195715,0.10687039679195715,Discourse-Only Subsystem (Config 2),Cluster
rst_rel_attribution_count,0.0884403033719623,0.0884403033719623,Discourse-Only Subsystem (Config 2),Cluster
psg_rst_s_count,-0.0865500978476413,0.0865500978476413,Discourse-Only Subsystem (Config 2),Cluster
rst_edu_count,0.07310582334625867,0.07310582334625867,Discourse-Only Subsystem (Config 2),Cluster
rst_rel_joint_count,-0.06487402161152576,0.06487402161152576,Discourse-Only Subsystem (Config 2),Cluster
rst_n_ratio,-0.05158655279738038,0.05158655279738038,Discourse-Only Subsystem (Config 2),Cluster
rst_s_count,-0.027263183676903228,0.027263183676903228,Discourse-Only Subsystem (Config 2),Cluster
rst_rel_background_count,0.0,0.0,Discourse-Only Subsystem (Config 2),Cluster
rst_rel_cause_count,0.0,0.0,Discourse-Only Subsystem (Config 2),Cluster
rst_rel_result_count,0.0,0.0,Discourse-Only Subsystem (Config 2),Cluster
rst_rel_contrast_count,0.0,0.0,Discourse-Only Subsystem (Config 2),Cluster
rel_rst_depth_ratio,-0.3064543760369897,0.3064543760369897,Discourse-Only Subsystem (Config 2),DSNB
rst_is_root,0.2853326150538701,0.2853326150538701,Discourse-Only Subsystem (Config 2),DSNB
rel_rst_n_ratio,0.22887357193524122,0.22887357193524122,Discourse-Only Subsystem (Config 2),DSNB
psg_rst_max_depth,-0.203050448446773,0.203050448446773,Discourse-Only Subsystem (Config 2),DSNB
psg_rst_n_count,0.19258373801543466,0.19258373801543466,Discourse-Only Subsystem (Config 2),DSNB
rst_s_count,0.1658931271359885,0.1658931271359885,Discourse-Only Subsystem (Config 2),DSNB
rst_edu_count,0.12717673216873995,0.12717673216873995,Discourse-Only Subsystem (Config 2),DSNB
rst_rel_elaboration_count,0.10215974965077006,0.10215974965077006,Discourse-Only Subsystem (Config 2),DSNB
rst_n_count,0.060797304680986916,0.060797304680986916,Discourse-Only Subsystem (Config 2),DSNB
psg_rst_s_count,-0.058535931517407484,0.058535931517407484,Discourse-Only Subsystem (Config 2),DSNB
rst_rel_joint_count,-0.046685521773961514,0.046685521773961514,Discourse-Only Subsystem (Config 2),DSNB
rst_n_ratio,0.03505364750343258,0.03505364750343258,Discourse-Only Subsystem (Config 2),DSNB
rst_rel_attribution_count,-0.0035080798423271302,0.0035080798423271302,Discourse-Only Subsystem (Config 2),DSNB
rst_mean_depth,0.0027203865984226864,0.0027203865984226864,Discourse-Only Subsystem (Config 2),DSNB
rst_rel_background_count,0.0,0.0,Discourse-Only Subsystem (Config 2),DSNB
rst_rel_cause_count,0.0,0.0,Discourse-Only Subsystem (Config 2),DSNB
rst_rel_result_count,0.0,0.0,Discourse-Only Subsystem (Config 2),DSNB
rst_rel_contrast_count,0.0,0.0,Discourse-Only Subsystem (Config 2),DSNB
rst_mean_depth,-0.4616530586447323,0.4616530586447323,Discourse-Only Subsystem (Config 2),None
rel_rst_n_ratio,0.3433938888835234,0.3433938888835234,Discourse-Only Subsystem (Config 2),None
rel_rst_depth_ratio,0.15044543591611095,0.15044543591611095,Discourse-Only Subsystem (Config 2),None
rst_n_count,0.1360603756033521,0.1360603756033521,Discourse-Only Subsystem (Config 2),None
psg_rst_max_depth,0.1223065910536647,0.1223065910536647,Discourse-Only Subsystem (Config 2),None
psg_rst_s_count,-0.10722126722724115,0.10722126722724115,Discourse-Only Subsystem (Config 2),None
rst_rel_elaboration_count,0.09919178721779709,0.09919178721779709,Discourse-Only Subsystem (Config 2),None
rst_rel_joint_count,-0.07046588367021156,0.07046588367021156,Discourse-Only Subsystem (Config 2),None
psg_rst_n_count,-0.06594306366491859,0.06594306366491859,Discourse-Only Subsystem (Config 2),None
rst_edu_count,0.06472746557315374,0.06472746557315374,Discourse-Only Subsystem (Config 2),None
rst_rel_attribution_count,0.05916550690751803,0.05916550690751803,Discourse-Only Subsystem (Config 2),None
rst_n_ratio,-0.05409020991677617,0.05409020991677617,Discourse-Only Subsystem (Config 2),None
rst_s_count,-0.04549219148928885,0.04549219148928885,Discourse-Only Subsystem (Config 2),None
rst_is_root,0.018038593548488482,0.018038593548488482,Discourse-Only Subsystem (Config 2),None
rst_rel_background_count,0.0,0.0,Discourse-Only Subsystem (Config 2),None
rst_rel_cause_count,0.0,0.0,Discourse-Only Subsystem (Config 2),None
rst_rel_result_count,0.0,0.0,Discourse-Only Subsystem (Config 2),None
rst_rel_contrast_count,0.0,0.0,Discourse-Only Subsystem (Config 2),None
rst_mean_depth,-0.6122113175601189,0.6122113175601189,Discourse-Only Subsystem (Config 2),Pairwise
rst_n_count,0.33488655907898934,0.33488655907898934,Discourse-Only Subsystem (Config 2),Pairwise
rel_rst_depth_ratio,0.3187763178091929,0.3187763178091929,Discourse-Only Subsystem (Config 2),Pairwise
rst_s_count,-0.1881907218750099,0.1881907218750099,Discourse-Only Subsystem (Config 2),Pairwise
rst_rel_elaboration_count,0.18048763845824978,0.18048763845824978,Discourse-Only Subsystem (Config 2),Pairwise
rst_rel_joint_count,-0.1303869230594805,0.1303869230594805,Discourse-Only Subsystem (Config 2),Pairwise
rst_edu_count,0.1285518474998624,0.1285518474998624,Discourse-Only Subsystem (Config 2),Pairwise
rst_rel_attribution_count,0.0852828124809886,0.0852828124809886,Discourse-Only Subsystem (Config 2),Pairwise
rel_rst_n_ratio,0.04765866778869518,0.04765866778869518,Discourse-Only Subsystem (Config 2),Pairwise
rst_is_root,-0.04119031056930839,0.04119031056930839,Discourse-Only Subsystem (Config 2),Pairwise
rst_n_ratio,-0.007932166487707287,0.007932166487707287,Discourse-Only Subsystem (Config 2),Pairwise
psg_rst_max_depth,0.0,0.0,Discourse-Only Subsystem (Config 2),Pairwise
psg_rst_n_count,0.0,0.0,Discourse-Only Subsystem (Config 2),Pairwise
psg_rst_s_count,0.0,0.0,Discourse-Only Subsystem (Config 2),Pairwise
rst_rel_background_count,0.0,0.0,Discourse-Only Subsystem (Config 2),Pairwise
rst_rel_cause_count,0.0,0.0,Discourse-Only Subsystem (Config 2),Pairwise
rst_rel_result_count,0.0,0.0,Discourse-Only Subsystem (Config 2),Pairwise
rst_rel_contrast_count,0.0,0.0,Discourse-Only Subsystem (Config 2),Pairwise
rel_rst_n_ratio,0.2484327455708597,0.2484327455708597,Discourse-Only Subsystem (Config 2),RST-Neighborhood
rst_is_root,0.23526439587749962,0.23526439587749962,Discourse-Only Subsystem (Config 2),RST-Neighborhood
rel_rst_depth_ratio,-0.14385250078698428,0.14385250078698428,Discourse-Only Subsystem (Config 2),RST-Neighborhood
rst_edu_count,0.11881784674840423,0.11881784674840423,Discourse-Only Subsystem (Config 2),RST-Neighborhood
psg_rst_n_count,0.11568522877561131,0.11568522877561131,Discourse-Only Subsystem (Config 2),RST-Neighborhood
rst_n_count,0.11220229465521339,0.11220229465521339,Discourse-Only Subsystem (Config 2),RST-Neighborhood
rst_rel_elaboration_count,0.09956056180428789,0.09956056180428789,Discourse-Only Subsystem (Config 2),RST-Neighborhood
rst_mean_depth,-0.09402172596563256,0.09402172596563256,Discourse-Only Subsystem (Config 2),RST-Neighborhood
rst_s_count,0.0890040036814951,0.0890040036814951,Discourse-Only Subsystem (Config 2),RST-Neighborhood
psg_rst_max_depth,-0.06734991614489683,0.06734991614489683,Discourse-Only Subsystem (Config 2),RST-Neighborhood
rst_n_ratio,0.04994667031250402,0.04994667031250402,Discourse-Only Subsystem (Config 2),RST-Neighborhood
rst_rel_joint_count,-0.04407744639689392,0.04407744639689392,Discourse-Only Subsystem (Config 2),RST-Neighborhood
rst_rel_attribution_count,0.005814128873863454,0.005814128873863454,Discourse-Only Subsystem (Config 2),RST-Neighborhood
psg_rst_s_count,0.0035718567477624535,0.0035718567477624535,Discourse-Only Subsystem (Config 2),RST-Neighborhood
rst_rel_background_count,0.0,0.0,Discourse-Only Subsystem (Config 2),RST-Neighborhood
rst_rel_cause_count,0.0,0.0,Discourse-Only Subsystem (Config 2),RST-Neighborhood
rst_rel_result_count,0.0,0.0,Discourse-Only Subsystem (Config 2),RST-Neighborhood
rst_rel_contrast_count,0.0,0.0,Discourse-Only Subsystem (Config 2),RST-Neighborhood
word_count,0.66198832980156,0.66198832980156,Linguistic-Only Subsystem (Config 3),Cluster
concrete_min,0.603260109008806,0.603260109008806,Linguistic-Only Subsystem (Config 3),Cluster
stopword_ratio,-0.5095953636737227,0.5095953636737227,Linguistic-Only Subsystem (Config 3),Cluster
number_ratio,0.3813568492154654,0.3813568492154654,Linguistic-Only Subsystem (Config 3),Cluster
sentiment_polarity_compound,0.3642183386405558,0.3642183386405558,Linguistic-Only Subsystem (Config 3),Cluster
concrete_std,0.3149432474247987,0.3149432474247987,Linguistic-Only Subsystem (Config 3),Cluster
gunning_fog,0.3096993678849561,0.3096993678849561,Linguistic-Only Subsystem (Config 3),Cluster
flesch_kincaid_grade,-0.2957555510429807,0.2957555510429807,Linguistic-Only Subsystem (Config 3),Cluster
avg_word_length,-0.2819054087311021,0.2819054087311021,Linguistic-Only Subsystem (Config 3),Cluster
concrete_mean,-0.2751277830887505,0.2751277830887505,Linguistic-Only Subsystem (Config 3),Cluster
pron_ratio,0.2620015351610801,0.2620015351610801,Linguistic-Only Subsystem (Config 3),Cluster
ttr,-0.24155968037087724,0.24155968037087724,Linguistic-Only Subsystem (Config 3),Cluster
char_count,-0.22262932235421604,0.22262932235421604,Linguistic-Only Subsystem (Config 3),Cluster
sentiment_polarity_neg,0.21891829637783702,0.21891829637783702,Linguistic-Only Subsystem (Config 3),Cluster
discourse_addition_count,-0.2167687674709726,0.2167687674709726,Linguistic-Only Subsystem (Config 3),Cluster
title_ratio,0.19747500095714637,0.19747500095714637,Linguistic-Only Subsystem (Config 3),Cluster
present_tense_ratio,0.18239034803163337,0.18239034803163337,Linguistic-Only Subsystem (Config 3),Cluster
comma_count,0.17874004691864567,0.17874004691864567,Linguistic-Only Subsystem (Config 3),Cluster
flesch_reading_ease,-0.17428100965002832,0.17428100965002832,Linguistic-Only Subsystem (Config 3),Cluster
sentiment_polarity_pos,-0.1591911406118905,0.1591911406118905,Linguistic-Only Subsystem (Config 3),Cluster
discourse_contrast_count,-0.14870623077690812,0.14870623077690812,Linguistic-Only Subsystem (Config 3),Cluster
conj_ratio,0.12995565636790415,0.12995565636790415,Linguistic-Only Subsystem (Config 3),Cluster
sentiment_polarity_neu,-0.0970997570907213,0.0970997570907213,Linguistic-Only Subsystem (Config 3),Cluster
prep_ratio,-0.09176251400038217,0.09176251400038217,Linguistic-Only Subsystem (Config 3),Cluster
semicolon_count,0.08950249423320691,0.08950249423320691,Linguistic-Only Subsystem (Config 3),Cluster
concrete_max,-0.08881045659565857,0.08881045659565857,Linguistic-Only Subsystem (Config 3),Cluster
period_count,-0.0815640886319282,0.0815640886319282,Linguistic-Only Subsystem (Config 3),Cluster
discourse_causal_count,-0.06876755568728979,0.06876755568728979,Linguistic-Only Subsystem (Config 3),Cluster
max_parse_depth,0.06746985390612241,0.06746985390612241,Linguistic-Only Subsystem (Config 3),Cluster
adj_ratio,0.06429804401836259,0.06429804401836259,Linguistic-Only Subsystem (Config 3),Cluster
noun_ratio,-0.059171897028889905,0.059171897028889905,Linguistic-Only Subsystem (Config 3),Cluster
pron_3rd_ratio,0.04726195542847619,0.04726195542847619,Linguistic-Only Subsystem (Config 3),Cluster
past_tense_ratio,-0.04716132209101387,0.04716132209101387,Linguistic-Only Subsystem (Config 3),Cluster
parenthesis_count,0.044950549004635645,0.044950549004635645,Linguistic-Only Subsystem (Config 3),Cluster
pron_1st_ratio,-0.0444621378080155,0.0444621378080155,Linguistic-Only Subsystem (Config 3),Cluster
avg_dep_distance,-0.04094037259128788,0.04094037259128788,Linguistic-Only Subsystem (Config 3),Cluster
cap_ratio,0.027292934182876923,0.027292934182876923,Linguistic-Only Subsystem (Config 3),Cluster
verb_ratio,0.024425418862822637,0.024425418862822637,Linguistic-Only Subsystem (Config 3),Cluster
pron_2nd_ratio,-0.01707983262079244,0.01707983262079244,Linguistic-Only Subsystem (Config 3),Cluster
adv_ratio,0.015174207942901278,0.015174207942901278,Linguistic-Only Subsystem (Config 3),Cluster
colon_count,0.004250242809644556,0.004250242809644556,Linguistic-Only Subsystem (Config 3),Cluster
exclamation_count,0.0,0.0,Linguistic-Only Subsystem (Config 3),Cluster
question_count,0.0,0.0,Linguistic-Only Subsystem (Config 3),Cluster
flesch_kincaid_grade,0.6556662130835487,0.6556662130835487,Linguistic-Only Subsystem (Config 3),DSNB
sentiment_polarity_compound,0.4414975057571438,0.4414975057571438,Linguistic-Only Subsystem (Config 3),DSNB
sentiment_polarity_pos,-0.2926095674397334,0.2926095674397334,Linguistic-Only Subsystem (Config 3),DSNB
sentiment_polarity_neg,0.26680979679303524,0.26680979679303524,Linguistic-Only Subsystem (Config 3),DSNB
discourse_contrast_count,-0.25312699037217146,0.25312699037217146,Linguistic-Only Subsystem (Config 3),DSNB
flesch_reading_ease,0.24864885002117676,0.24864885002117676,Linguistic-Only Subsystem (Config 3),DSNB
number_ratio,0.2428733146645842,0.2428733146645842,Linguistic-Only Subsystem (Config 3),DSNB
pron_1st_ratio,-0.23435826315746433,0.23435826315746433,Linguistic-Only Subsystem (Config 3),DSNB
word_count,0.20838854047564445,0.20838854047564445,Linguistic-Only Subsystem (Config 3),DSNB
colon_count,0.2054293406199708,0.2054293406199708,Linguistic-Only Subsystem (Config 3),DSNB
discourse_addition_count,-0.204929343714526,0.204929343714526,Linguistic-Only Subsystem (Config 3),DSNB
stopword_ratio,-0.18575107053189469,0.18575107053189469,Linguistic-Only Subsystem (Config 3),DSNB
avg_dep_distance,-0.14409052444197612,0.14409052444197612,Linguistic-Only Subsystem (Config 3),DSNB
pron_3rd_ratio,-0.13070333008948418,0.13070333008948418,Linguistic-Only Subsystem (Config 3),DSNB
pron_ratio,0.12923990437906993,0.12923990437906993,Linguistic-Only Subsystem (Config 3),DSNB
comma_count,0.12710429802757867,0.12710429802757867,Linguistic-Only Subsystem (Config 3),DSNB
gunning_fog,-0.12696549326771372,0.12696549326771372,Linguistic-Only Subsystem (Config 3),DSNB
concrete_min,-0.11745897121911632,0.11745897121911632,Linguistic-Only Subsystem (Config 3),DSNB
conj_ratio,0.11674529937410813,0.11674529937410813,Linguistic-Only Subsystem (Config 3),DSNB
discourse_causal_count,-0.11532718525582215,0.11532718525582215,Linguistic-Only Subsystem (Config 3),DSNB
period_count,0.11442155797662043,0.11442155797662043,Linguistic-Only Subsystem (Config 3),DSNB
cap_ratio,0.11393012385100966,0.11393012385100966,Linguistic-Only Subsystem (Config 3),DSNB
semicolon_count,-0.10441872755162528,0.10441872755162528,Linguistic-Only Subsystem (Config 3),DSNB
pron_2nd_ratio,-0.10240985164121774,0.10240985164121774,Linguistic-Only Subsystem (Config 3),DSNB
verb_ratio,0.08917420831465052,0.08917420831465052,Linguistic-Only Subsystem (Config 3),DSNB
char_count,0.08290383972820654,0.08290383972820654,Linguistic-Only Subsystem (Config 3),DSNB
adv_ratio,-0.08074625847612107,0.08074625847612107,Linguistic-Only Subsystem (Config 3),DSNB
parenthesis_count,0.07975246192653027,0.07975246192653027,Linguistic-Only Subsystem (Config 3),DSNB
prep_ratio,0.07936111727607978,0.07936111727607978,Linguistic-Only Subsystem (Config 3),DSNB
noun_ratio,-0.07785825472330897,0.07785825472330897,Linguistic-Only Subsystem (Config 3),DSNB
concrete_max,0.07680142532033093,0.07680142532033093,Linguistic-Only Subsystem (Config 3),DSNB
avg_word_length,-0.0512328107938897,0.0512328107938897,Linguistic-Only Subsystem (Config 3),DSNB
max_parse_depth,-0.04951814905434097,0.04951814905434097,Linguistic-Only Subsystem (Config 3),DSNB
concrete_std,-0.049076292922341565,0.049076292922341565,Linguistic-Only Subsystem (Config 3),DSNB
past_tense_ratio,-0.040112206277036995,0.040112206277036995,Linguistic-Only Subsystem (Config 3),DSNB
title_ratio,0.03699747432762832,0.03699747432762832,Linguistic-Only Subsystem (Config 3),DSNB
adj_ratio,0.020546138921042092,0.020546138921042092,Linguistic-Only Subsystem (Config 3),DSNB
ttr,0.019788717397239024,0.019788717397239024,Linguistic-Only Subsystem (Config 3),DSNB
concrete_mean,0.012277413048737154,0.012277413048737154,Linguistic-Only Subsystem (Config 3),DSNB
sentiment_polarity_neu,0.004150657409103585,0.004150657409103585,Linguistic-Only Subsystem (Config 3),DSNB
present_tense_ratio,0.001716505411313494,0.001716505411313494,Linguistic-Only Subsystem (Config 3),DSNB
exclamation_count,0.0,0.0,Linguistic-Only Subsystem (Config 3),DSNB
question_count,0.0,0.0,Linguistic-Only Subsystem (Config 3),DSNB
word_count,0.5537232469419637,0.5537232469419637,Linguistic-Only Subsystem (Config 3),None
question_count,-0.33610624397164135,0.33610624397164135,Linguistic-Only Subsystem (Config 3),None
char_count,-0.22944019027744111,0.22944019027744111,Linguistic-Only Subsystem (Config 3),None
sentiment_polarity_compound,0.21664911784117852,0.21664911784117852,Linguistic-Only Subsystem (Config 3),None
discourse_addition_count,-0.1983766672882996,0.1983766672882996,Linguistic-Only Subsystem (Config 3),None
concrete_max,0.1911021324366785,0.1911021324366785,Linguistic-Only Subsystem (Config 3),None
concrete_mean,-0.1893388316862009,0.1893388316862009,Linguistic-Only Subsystem (Config 3),None
cap_ratio,0.17973804875497876,0.17973804875497876,Linguistic-Only Subsystem (Config 3),None
flesch_kincaid_grade,0.17487284768069616,0.17487284768069616,Linguistic-Only Subsystem (Config 3),None
number_ratio,0.17037815586737187,0.17037815586737187,Linguistic-Only Subsystem (Config 3),None
conj_ratio,0.15403016995103563,0.15403016995103563,Linguistic-Only Subsystem (Config 3),None
sentiment_polarity_pos,-0.14753163994237475,0.14753163994237475,Linguistic-Only Subsystem (Config 3),None
stopword_ratio,-0.13890378184332589,0.13890378184332589,Linguistic-Only Subsystem (Config 3),None
discourse_contrast_count,-0.12674003392883573,0.12674003392883573,Linguistic-Only Subsystem (Config 3),None
concrete_min,0.12184775210964655,0.12184775210964655,Linguistic-Only Subsystem (Config 3),None
adv_ratio,-0.09905634170890236,0.09905634170890236,Linguistic-Only Subsystem (Config 3),None
pron_1st_ratio,-0.09332939373221742,0.09332939373221742,Linguistic-Only Subsystem (Config 3),None
sentiment_polarity_neg,0.09080177177644082,0.09080177177644082,Linguistic-Only Subsystem (Config 3),None
comma_count,0.09064284910303215,0.09064284910303215,Linguistic-Only Subsystem (Config 3),None
avg_dep_distance,0.07997526089210727,0.07997526089210727,Linguistic-Only Subsystem (Config 3),None
flesch_reading_ease,0.07686471883300755,0.07686471883300755,Linguistic-Only Subsystem (Config 3),None
parenthesis_count,0.07161265417635633,0.07161265417635633,Linguistic-Only Subsystem (Config 3),None
ttr,-0.06630949597531659,0.06630949597531659,Linguistic-Only Subsystem (Config 3),None
gunning_fog,-0.06380555573851798,0.06380555573851798,Linguistic-Only Subsystem (Config 3),None
pron_ratio,0.055464446816670544,0.055464446816670544,Linguistic-Only Subsystem (Config 3),None
semicolon_count,-0.05528549984059049,0.05528549984059049,Linguistic-Only Subsystem (Config 3),None
avg_word_length,0.05515967700657917,0.05515967700657917,Linguistic-Only Subsystem (Config 3),None
title_ratio,-0.05351751370152364,0.05351751370152364,Linguistic-Only Subsystem (Config 3),None
prep_ratio,0.04924744762816289,0.04924744762816289,Linguistic-Only Subsystem (Config 3),None
verb_ratio,-0.044150273186956905,0.044150273186956905,Linguistic-Only Subsystem (Config 3),None
noun_ratio,-0.04192570480853463,0.04192570480853463,Linguistic-Only Subsystem (Config 3),None
colon_count,0.04160632536615905,0.04160632536615905,Linguistic-Only Subsystem (Config 3),None
past_tense_ratio,-0.036619610687156516,0.036619610687156516,Linguistic-Only Subsystem (Config 3),None
concrete_std,-0.036398209304330624,0.036398209304330624,Linguistic-Only Subsystem (Config 3),None
pron_2nd_ratio,-0.027101824293644966,0.027101824293644966,Linguistic-Only Subsystem (Config 3),None
adj_ratio,-0.023327125741246343,0.023327125741246343,Linguistic-Only Subsystem (Config 3),None
pron_3rd_ratio,-0.015238418685070695,0.015238418685070695,Linguistic-Only Subsystem (Config 3),None
discourse_causal_count,-0.014306135223401984,0.014306135223401984,Linguistic-Only Subsystem (Config 3),None
sentiment_polarity_neu,0.011301289108826818,0.011301289108826818,Linguistic-Only Subsystem (Config 3),None
max_parse_depth,-0.006904985065308935,0.006904985065308935,Linguistic-Only Subsystem (Config 3),None
period_count,-0.005738596447622501,0.005738596447622501,Linguistic-Only Subsystem (Config 3),None
present_tense_ratio,-0.001279181749037817,0.001279181749037817,Linguistic-Only Subsystem (Config 3),None
exclamation_count,0.0,0.0,Linguistic-Only Subsystem (Config 3),None
word_count,0.6079711773294311,0.6079711773294311,Linguistic-Only Subsystem (Config 3),Pairwise
flesch_kincaid_grade,0.6074913683901302,0.6074913683901302,Linguistic-Only Subsystem (Config 3),Pairwise
char_count,-0.5107832080380065,0.5107832080380065,Linguistic-Only Subsystem (Config 3),Pairwise
question_count,-0.4341460206746979,0.4341460206746979,Linguistic-Only Subsystem (Config 3),Pairwise
flesch_reading_ease,0.38302623166336214,0.38302623166336214,Linguistic-Only Subsystem (Config 3),Pairwise
conj_ratio,0.28094039580601143,0.28094039580601143,Linguistic-Only Subsystem (Config 3),Pairwise
number_ratio,0.2659136938844216,0.2659136938844216,Linguistic-Only Subsystem (Config 3),Pairwise
cap_ratio,0.21359403771681112,0.21359403771681112,Linguistic-Only Subsystem (Config 3),Pairwise
ttr,-0.2068623842272095,0.2068623842272095,Linguistic-Only Subsystem (Config 3),Pairwise
concrete_max,0.191873226408686,0.191873226408686,Linguistic-Only Subsystem (Config 3),Pairwise
discourse_contrast_count,-0.19015660080299124,0.19015660080299124,Linguistic-Only Subsystem (Config 3),Pairwise
stopword_ratio,-0.18939413182484943,0.18939413182484943,Linguistic-Only Subsystem (Config 3),Pairwise
noun_ratio,-0.18793512092564305,0.18793512092564305,Linguistic-Only Subsystem (Config 3),Pairwise
discourse_addition_count,-0.16905262790626419,0.16905262790626419,Linguistic-Only Subsystem (Config 3),Pairwise
prep_ratio,0.15023757003292437,0.15023757003292437,Linguistic-Only Subsystem (Config 3),Pairwise
sentiment_polarity_pos,-0.14655948680259867,0.14655948680259867,Linguistic-Only Subsystem (Config 3),Pairwise
title_ratio,0.14514111814461886,0.14514111814461886,Linguistic-Only Subsystem (Config 3),Pairwise
concrete_mean,-0.14375590833007904,0.14375590833007904,Linguistic-Only Subsystem (Config 3),Pairwise
avg_word_length,0.141204275926511,0.141204275926511,Linguistic-Only Subsystem (Config 3),Pairwise
sentiment_polarity_compound,0.1343711807377482,0.1343711807377482,Linguistic-Only Subsystem (Config 3),Pairwise
pron_ratio,0.11903704641342155,0.11903704641342155,Linguistic-Only Subsystem (Config 3),Pairwise
pron_3rd_ratio,-0.10855472396179028,0.10855472396179028,Linguistic-Only Subsystem (Config 3),Pairwise
present_tense_ratio,-0.10775538247950128,0.10775538247950128,Linguistic-Only Subsystem (Config 3),Pairwise
concrete_min,0.10630485123586003,0.10630485123586003,Linguistic-Only Subsystem (Config 3),Pairwise
adv_ratio,-0.10552762716244708,0.10552762716244708,Linguistic-Only Subsystem (Config 3),Pairwise
gunning_fog,-0.10490560687576482,0.10490560687576482,Linguistic-Only Subsystem (Config 3),Pairwise
pron_1st_ratio,-0.09992025714708455,0.09992025714708455,Linguistic-Only Subsystem (Config 3),Pairwise
verb_ratio,0.09602762489690272,0.09602762489690272,Linguistic-Only Subsystem (Config 3),Pairwise
comma_count,0.09267438991505277,0.09267438991505277,Linguistic-Only Subsystem (Config 3),Pairwise
sentiment_polarity_neg,0.06405270537340142,0.06405270537340142,Linguistic-Only Subsystem (Config 3),Pairwise
avg_dep_distance,0.056485518353502275,0.056485518353502275,Linguistic-Only Subsystem (Config 3),Pairwise
parenthesis_count,0.05443375289276148,0.05443375289276148,Linguistic-Only Subsystem (Config 3),Pairwise
pron_2nd_ratio,-0.05282279988909577,0.05282279988909577,Linguistic-Only Subsystem (Config 3),Pairwise
semicolon_count,-0.05020200444480556,0.05020200444480556,Linguistic-Only Subsystem (Config 3),Pairwise
past_tense_ratio,-0.0483380174962726,0.0483380174962726,Linguistic-Only Subsystem (Config 3),Pairwise
colon_count,0.038785148899104414,0.038785148899104414,Linguistic-Only Subsystem (Config 3),Pairwise
concrete_std,-0.026707792967476354,0.026707792967476354,Linguistic-Only Subsystem (Config 3),Pairwise
discourse_causal_count,0.025824919445972233,0.025824919445972233,Linguistic-Only Subsystem (Config 3),Pairwise
sentiment_polarity_neu,0.02132607780383478,0.02132607780383478,Linguistic-Only Subsystem (Config 3),Pairwise
max_parse_depth,-0.013744302495410862,0.013744302495410862,Linguistic-Only Subsystem (Config 3),Pairwise
adj_ratio,-0.009486139533224018,0.009486139533224018,Linguistic-Only Subsystem (Config 3),Pairwise
period_count,-0.001232110359936291,0.001232110359936291,Linguistic-Only Subsystem (Config 3),Pairwise
exclamation_count,0.0,0.0,Linguistic-Only Subsystem (Config 3),Pairwise
sentiment_polarity_compound,0.5907690845952723,0.5907690845952723,Linguistic-Only Subsystem (Config 3),RST-Neighborhood
flesch_kincaid_grade,0.4638403163395866,0.4638403163395866,Linguistic-Only Subsystem (Config 3),RST-Neighborhood
sentiment_polarity_neg,0.3507066955685072,0.3507066955685072,Linguistic-Only Subsystem (Config 3),RST-Neighborhood
sentiment_polarity_pos,-0.326261875570384,0.326261875570384,Linguistic-Only Subsystem (Config 3),RST-Neighborhood
stopword_ratio,-0.2315613338972122,0.2315613338972122,Linguistic-Only Subsystem (Config 3),RST-Neighborhood
conj_ratio,0.21314484442337653,0.21314484442337653,Linguistic-Only Subsystem (Config 3),RST-Neighborhood
flesch_reading_ease,0.21206343782424192,0.21206343782424192,Linguistic-Only Subsystem (Config 3),RST-Neighborhood
avg_dep_distance,-0.2119953141703632,0.2119953141703632,Linguistic-Only Subsystem (Config 3),RST-Neighborhood
discourse_addition_count,-0.20985603812302855,0.20985603812302855,Linguistic-Only Subsystem (Config 3),RST-Neighborhood
number_ratio,0.20435805965673098,0.20435805965673098,Linguistic-Only Subsystem (Config 3),RST-Neighborhood
discourse_contrast_count,-0.20125766974341414,0.20125766974341414,Linguistic-Only Subsystem (Config 3),RST-Neighborhood
word_count,0.1869806527162061,0.1869806527162061,Linguistic-Only Subsystem (Config 3),RST-Neighborhood
char_count,0.18500295822398563,0.18500295822398563,Linguistic-Only Subsystem (Config 3),RST-Neighborhood
colon_count,0.16870363565819108,0.16870363565819108,Linguistic-Only Subsystem (Config 3),RST-Neighborhood
avg_word_length,-0.16284495956093284,0.16284495956093284,Linguistic-Only Subsystem (Config 3),RST-Neighborhood
noun_ratio,-0.1467470786370267,0.1467470786370267,Linguistic-Only Subsystem (Config 3),RST-Neighborhood
prep_ratio,0.14543952957291278,0.14543952957291278,Linguistic-Only Subsystem (Config 3),RST-Neighborhood
cap_ratio,0.1449846166146237,0.1449846166146237,Linguistic-Only Subsystem (Config 3),RST-Neighborhood
concrete_mean,0.1307647104255338,0.1307647104255338,Linguistic-Only Subsystem (Config 3),RST-Neighborhood
discourse_causal_count,-0.12953158079283947,0.12953158079283947,Linguistic-Only Subsystem (Config 3),RST-Neighborhood
pron_1st_ratio,-0.12270686916447737,0.12270686916447737,Linguistic-Only Subsystem (Config 3),RST-Neighborhood
title_ratio,0.12004970370515834,0.12004970370515834,Linguistic-Only Subsystem (Config 3),RST-Neighborhood
gunning_fog,0.10304762764492215,0.10304762764492215,Linguistic-Only Subsystem (Config 3),RST-Neighborhood
pron_2nd_ratio,-0.10030977192581844,0.10030977192581844,Linguistic-Only Subsystem (Config 3),RST-Neighborhood
period_count,0.09196868221610016,0.09196868221610016,Linguistic-Only Subsystem (Config 3),RST-Neighborhood
verb_ratio,0.09000782386422103,0.09000782386422103,Linguistic-Only Subsystem (Config 3),RST-Neighborhood
comma_count,0.08959580991235752,0.08959580991235752,Linguistic-Only Subsystem (Config 3),RST-Neighborhood
semicolon_count,-0.0866286179130578,0.0866286179130578,Linguistic-Only Subsystem (Config 3),RST-Neighborhood
parenthesis_count,0.08456479622774789,0.08456479622774789,Linguistic-Only Subsystem (Config 3),RST-Neighborhood
present_tense_ratio,0.07396946375060696,0.07396946375060696,Linguistic-Only Subsystem (Config 3),RST-Neighborhood
adj_ratio,0.07061840589048765,0.07061840589048765,Linguistic-Only Subsystem (Config 3),RST-Neighborhood
pron_3rd_ratio,0.06940460364286129,0.06940460364286129,Linguistic-Only Subsystem (Config 3),RST-Neighborhood
max_parse_depth,0.049766515432518824,0.049766515432518824,Linguistic-Only Subsystem (Config 3),RST-Neighborhood
past_tense_ratio,-0.04168630749781824,0.04168630749781824,Linguistic-Only Subsystem (Config 3),RST-Neighborhood
pron_ratio,-0.028616528458721813,0.028616528458721813,Linguistic-Only Subsystem (Config 3),RST-Neighborhood
concrete_max,-0.025828268326008878,0.025828268326008878,Linguistic-Only Subsystem (Config 3),RST-Neighborhood
sentiment_polarity_neu,-0.020312883542430275,0.020312883542430275,Linguistic-Only Subsystem (Config 3),RST-Neighborhood
adv_ratio,-0.015850050484854536,0.015850050484854536,Linguistic-Only Subsystem (Config 3),RST-Neighborhood
concrete_std,-0.00570056891912285,0.00570056891912285,Linguistic-Only Subsystem (Config 3),RST-Neighborhood
ttr,-0.0034030216417504917,0.0034030216417504917,Linguistic-Only Subsystem (Config 3),RST-Neighborhood
concrete_min,-0.0008365412162222496,0.0008365412162222496,Linguistic-Only Subsystem (Config 3),RST-Neighborhood
exclamation_count,0.0,0.0,Linguistic-Only Subsystem (Config 3),RST-Neighborhood
question_count,0.0,0.0,Linguistic-Only Subsystem (Config 3),RST-Neighborhood
rel_surp_pll_pf_diff,-0.8489112410565259,0.8489112410565259,Surprisal-Only Subsystem (Config 4),Cluster
rel_surp_pll_pf_ratio,0.8213996868286252,0.8213996868286252,Surprisal-Only Subsystem (Config 4),Cluster
rel_surp_causal_pf_sum_ratio,0.6010502339236832,0.6010502339236832,Surprisal-Only Subsystem (Config 4),Cluster
rel_surp_causal_pf_diff,-0.5435335552891959,0.5435335552891959,Surprisal-Only Subsystem (Config 4),Cluster
surp_pll_pf_sum,0.4987596030622114,0.4987596030622114,Surprisal-Only Subsystem (Config 4),Cluster
rel_surp_causal_pf_ratio,0.402659706798306,0.402659706798306,Surprisal-Only Subsystem (Config 4),Cluster
rel_surp_pll_pf_sum_ratio,-0.3704095873871188,0.3704095873871188,Surprisal-Only Subsystem (Config 4),Cluster
surp_pll_pf_std,0.3258269429681119,0.3258269429681119,Surprisal-Only Subsystem (Config 4),Cluster
surp_pll_pf_min,0.16701229205443485,0.16701229205443485,Surprisal-Only Subsystem (Config 4),Cluster
surp_causal_pf_mean,0.15494898937399731,0.15494898937399731,Surprisal-Only Subsystem (Config 4),Cluster
surp_causal_pf_max,-0.14918406913662535,0.14918406913662535,Surprisal-Only Subsystem (Config 4),Cluster
surp_pll_pf_max,0.11894348760596031,0.11894348760596031,Surprisal-Only Subsystem (Config 4),Cluster
surp_deletion_drop,-0.115882695623618,0.115882695623618,Surprisal-Only Subsystem (Config 4),Cluster
surp_pll_pf_mean,0.021747097465090785,0.021747097465090785,Surprisal-Only Subsystem (Config 4),Cluster
surp_causal_pf_std,-0.01940113427614632,0.01940113427614632,Surprisal-Only Subsystem (Config 4),Cluster
surp_causal_pf_sum,-0.012362681557905568,0.012362681557905568,Surprisal-Only Subsystem (Config 4),Cluster
surp_causal_pf_min,0.003404097509943709,0.003404097509943709,Surprisal-Only Subsystem (Config 4),Cluster
rel_surp_causal_pf_sum_ratio,0.7189480325042121,0.7189480325042121,Surprisal-Only Subsystem (Config 4),DSNB
rel_surp_pll_pf_sum_ratio,-0.5168071438187422,0.5168071438187422,Surprisal-Only Subsystem (Config 4),DSNB
surp_pll_pf_sum,0.4408701082538194,0.4408701082538194,Surprisal-Only Subsystem (Config 4),DSNB
rel_surp_causal_pf_diff,-0.41906151002048675,0.41906151002048675,Surprisal-Only Subsystem (Config 4),DSNB
rel_surp_causal_pf_ratio,0.3326152415222002,0.3326152415222002,Surprisal-Only Subsystem (Config 4),DSNB
rel_surp_pll_pf_ratio,0.3037796338224379,0.3037796338224379,Surprisal-Only Subsystem (Config 4),DSNB
rel_surp_pll_pf_diff,-0.26822427495380424,0.26822427495380424,Surprisal-Only Subsystem (Config 4),DSNB
surp_causal_pf_max,-0.25449775107562206,0.25449775107562206,Surprisal-Only Subsystem (Config 4),DSNB
surp_causal_pf_std,0.21532814404383516,0.21532814404383516,Surprisal-Only Subsystem (Config 4),DSNB
surp_deletion_drop,-0.21291030498169314,0.21291030498169314,Surprisal-Only Subsystem (Config 4),DSNB
surp_pll_pf_std,0.1542072251603248,0.1542072251603248,Surprisal-Only Subsystem (Config 4),DSNB
surp_pll_pf_max,0.10465156135223778,0.10465156135223778,Surprisal-Only Subsystem (Config 4),DSNB
surp_pll_pf_min,0.0894111806380254,0.0894111806380254,Surprisal-Only Subsystem (Config 4),DSNB
surp_causal_pf_mean,0.08011673472358487,0.08011673472358487,Surprisal-Only Subsystem (Config 4),DSNB
surp_causal_pf_sum,0.01597217074926659,0.01597217074926659,Surprisal-Only Subsystem (Config 4),DSNB
surp_causal_pf_min,-0.014680573880424761,0.014680573880424761,Surprisal-Only Subsystem (Config 4),DSNB
surp_pll_pf_mean,0.004481208643730684,0.004481208643730684,Surprisal-Only Subsystem (Config 4),DSNB
rel_surp_causal_pf_sum_ratio,1.1166340745675767,1.1166340745675767,Surprisal-Only Subsystem (Config 4),None
rel_surp_pll_pf_ratio,1.0146313717730882,1.0146313717730882,Surprisal-Only Subsystem (Config 4),None
rel_surp_pll_pf_diff,-1.0002996738755803,1.0002996738755803,Surprisal-Only Subsystem (Config 4),None
rel_surp_pll_pf_sum_ratio,-0.32300201768600556,0.32300201768600556,Surprisal-Only Subsystem (Config 4),None
rel_surp_causal_pf_diff,-0.1737458649757809,0.1737458649757809,Surprisal-Only Subsystem (Config 4),None
surp_deletion_drop,0.157879961406003,0.157879961406003,Surprisal-Only Subsystem (Config 4),None
surp_causal_pf_max,-0.13829692157920587,0.13829692157920587,Surprisal-Only Subsystem (Config 4),None
surp_pll_pf_std,0.12198742383919753,0.12198742383919753,Surprisal-Only Subsystem (Config 4),None
surp_causal_pf_std,0.10624061379880337,0.10624061379880337,Surprisal-Only Subsystem (Config 4),None
surp_pll_pf_min,0.06531082577447377,0.06531082577447377,Surprisal-Only Subsystem (Config 4),None
surp_causal_pf_mean,0.04893453632662308,0.04893453632662308,Surprisal-Only Subsystem (Config 4),None
rel_surp_causal_pf_ratio,-0.03421915352102019,0.03421915352102019,Surprisal-Only Subsystem (Config 4),None
surp_causal_pf_min,-0.032845323564877064,0.032845323564877064,Surprisal-Only Subsystem (Config 4),None
surp_pll_pf_max,0.0247747574927094,0.0247747574927094,Surprisal-Only Subsystem (Config 4),None
surp_causal_pf_sum,-0.022892457193284046,0.022892457193284046,Surprisal-Only Subsystem (Config 4),None
surp_pll_pf_mean,-0.007906061521966927,0.007906061521966927,Surprisal-Only Subsystem (Config 4),None
surp_pll_pf_sum,0.0036626856027850525,0.0036626856027850525,Surprisal-Only Subsystem (Config 4),None
rel_surp_pll_pf_ratio,1.6654948813600154,1.6654948813600154,Surprisal-Only Subsystem (Config 4),Pairwise
rel_surp_causal_pf_sum_ratio,1.2296215983126855,1.2296215983126855,Surprisal-Only Subsystem (Config 4),Pairwise
rel_surp_pll_pf_sum_ratio,-0.8943904324732695,0.8943904324732695,Surprisal-Only Subsystem (Config 4),Pairwise
surp_pll_pf_mean,-0.8059683072085976,0.8059683072085976,Surprisal-Only Subsystem (Config 4),Pairwise
rel_surp_pll_pf_diff,-0.8059683072085976,0.8059683072085976,Surprisal-Only Subsystem (Config 4),Pairwise
surp_deletion_drop,0.3330889895669241,0.3330889895669241,Surprisal-Only Subsystem (Config 4),Pairwise
surp_causal_pf_max,-0.21958807102910344,0.21958807102910344,Surprisal-Only Subsystem (Config 4),Pairwise
surp_pll_pf_sum,0.19245103723203183,0.19245103723203183,Surprisal-Only Subsystem (Config 4),Pairwise
rel_surp_causal_pf_ratio,-0.16472604344018404,0.16472604344018404,Surprisal-Only Subsystem (Config 4),Pairwise
surp_pll_pf_std,0.1225978246411644,0.1225978246411644,Surprisal-Only Subsystem (Config 4),Pairwise
surp_causal_pf_std,0.10643301878302067,0.10643301878302067,Surprisal-Only Subsystem (Config 4),Pairwise
surp_pll_pf_min,0.1058039917631854,0.1058039917631854,Surprisal-Only Subsystem (Config 4),Pairwise
surp_causal_pf_min,-0.09264502043118898,0.09264502043118898,Surprisal-Only Subsystem (Config 4),Pairwise
surp_pll_pf_max,0.0500612364246864,0.0500612364246864,Surprisal-Only Subsystem (Config 4),Pairwise
surp_causal_pf_sum,0.03397973819278131,0.03397973819278131,Surprisal-Only Subsystem (Config 4),Pairwise
surp_causal_pf_mean,0.021384263244052435,0.021384263244052435,Surprisal-Only Subsystem (Config 4),Pairwise
rel_surp_causal_pf_diff,0.021384263244052435,0.021384263244052435,Surprisal-Only Subsystem (Config 4),Pairwise
rel_surp_causal_pf_sum_ratio,0.9845441144950071,0.9845441144950071,Surprisal-Only Subsystem (Config 4),RST-Neighborhood
rel_surp_pll_pf_sum_ratio,-0.7569304846855857,0.7569304846855857,Surprisal-Only Subsystem (Config 4),RST-Neighborhood
rel_surp_causal_pf_diff,-0.6441764118467647,0.6441764118467647,Surprisal-Only Subsystem (Config 4),RST-Neighborhood
rel_surp_causal_pf_ratio,0.4802219990604842,0.4802219990604842,Surprisal-Only Subsystem (Config 4),RST-Neighborhood
rel_surp_pll_pf_ratio,0.39015508555668066,0.39015508555668066,Surprisal-Only Subsystem (Config 4),RST-Neighborhood
surp_pll_pf_sum,0.34638094904797995,0.34638094904797995,Surprisal-Only Subsystem (Config 4),RST-Neighborhood
rel_surp_pll_pf_diff,-0.33225720744183057,0.33225720744183057,Surprisal-Only Subsystem (Config 4),RST-Neighborhood
surp_deletion_drop,-0.19816595142637364,0.19816595142637364,Surprisal-Only Subsystem (Config 4),RST-Neighborhood
surp_pll_pf_max,0.18731618437195288,0.18731618437195288,Surprisal-Only Subsystem (Config 4),RST-Neighborhood
surp_causal_pf_max,-0.18698605278273986,0.18698605278273986,Surprisal-Only Subsystem (Config 4),RST-Neighborhood
surp_pll_pf_std,0.1584062561348479,0.1584062561348479,Surprisal-Only Subsystem (Config 4),RST-Neighborhood
surp_causal_pf_std,0.13976723702744379,0.13976723702744379,Surprisal-Only Subsystem (Config 4),RST-Neighborhood
surp_pll_pf_min,0.08536121177882866,0.08536121177882866,Surprisal-Only Subsystem (Config 4),RST-Neighborhood
surp_causal_pf_mean,0.08331806427240972,0.08331806427240972,Surprisal-Only Subsystem (Config 4),RST-Neighborhood
surp_causal_pf_min,-0.05273801962513028,0.05273801962513028,Surprisal-Only Subsystem (Config 4),RST-Neighborhood
surp_causal_pf_sum,0.04334371913851397,0.04334371913851397,Surprisal-Only Subsystem (Config 4),RST-Neighborhood
surp_pll_pf_mean,-0.03248797334898437,0.03248797334898437,Surprisal-Only Subsystem (Config 4),RST-Neighborhood
